-- Seed data for community library database
-- This script creates sample data for testing and development
-- Generated from books_seed_data.jsonl

-- Insert books
INSERT INTO books (id, isbn, title, description, author, image_url, created_at) VALUES
  (1, '9780141439518', 'Pride and Prejudice', 'When Elizabeth Bennet first meets eligible bachelor Fitzwilliam Darcy, she thinks him arrogant and conceited, while he struggles to remain indifferent to her good looks and lively mind. When she later discovers that Darcy has involved himself in the troubled relationship between his friend Bingley and her beloved sister Jane, she is determined to dislike him more than ever. In the sparkling comedy of manners that follows, Jane Austen shows the folly of judging by first impressions and superbly evokes the friendships, gossip and snobberies of provincial middle-class life.', 'Jane Austen', 'https://cdn.jsdelivr.net/gh/zsh-eng/community-library-images@main/assets/books/9780141439518.jpg', strftime('%s', 'now')),
  (2, '9780316769174', 'The Catcher in the Rye', 'In an effort to escape the hypocrisies of life at his boarding school, sixteen-year-old Holden Caulfield seeks refuge in New York City.', 'J.D. Salinger', 'https://cdn.jsdelivr.net/gh/zsh-eng/community-library-images@main/assets/books/9780316769174.jpg', strftime('%s', 'now')),
  (3, '9780060935467', 'To Kill a Mockingbird', 'A classic of American literature set in the Deep South during the 1930s. Through the eyes of young Scout Finch, we witness her father Atticus Finch defend a black man falsely accused of rape, and learn about courage, compassion, and standing up for what is right.', 'Harper Lee', 'https://cdn.jsdelivr.net/gh/zsh-eng/community-library-images@main/assets/books/9780060935467.jpg', strftime('%s', 'now')),
  (4, '9780143039983', 'The Haunting of Hill House', 'Four seekers arrive at a notoriously unfriendly pile called Hill House: Dr. Montague, an occult scholar looking for solid evidence of a haunting; Theodora, his lighthearted assistant; Eleanor, a friendless, fragile young woman well acquainted with poltergeists; and Luke, the future heir of Hill House. At first, their stay seems destined to be merely a spooky encounter with inexplicable phenomena. But Hill House is gathering its powers—and soon it will choose one of them to make its own.', 'Shirley Jackson', 'https://cdn.jsdelivr.net/gh/zsh-eng/community-library-images@main/assets/books/9780143039983.jpg', strftime('%s', 'now')),
  (5, '9780385490818', 'The Handmaid''s Tale', 'Offred is a Handmaid in the Republic of Gilead. She may leave the home of the Commander and his wife once a day to walk to food markets whose signs are now pictures instead of words because women are no longer allowed to read. She must lie on her back once a month and pray that the Commander makes her pregnant, because in an age of declining births, Offred and the other Handmaids are valued only if their ovaries are viable. Offred can remember the years before, when she lived and made love with her husband, Luke; when she played with and protected her daughter; when she had a job, money of her own, and access to knowledge. But all of that is gone now...', 'Margaret Atwood', 'https://cdn.jsdelivr.net/gh/zsh-eng/community-library-images@main/assets/books/9780385490818.jpg', strftime('%s', 'now')),
  (6, '9780618640157', 'The Lord of the Rings', 'One Ring to rule them all, One Ring to find them, One Ring to bring them all and in the darkness bind them. In ancient times the Rings of Power were crafted by the Elven-smiths, and Sauron, the Dark Lord, forged the One Ring, filling it with his own power so that he could rule all others. But the One Ring was taken from him, and though he sought it throughout Middle-earth, it remained lost to him. After many ages it fell by chance into the hands of the hobbit Bilbo Baggins. When Bilbo reached his eleventy-first birthday he disappeared, bequeathing to his young cousin Frodo the Ruling Ring and a perilous quest: to journey across Middle-earth, deep into the shadow of the Dark Lord, and destroy the Ring by casting it into the Cracks of Doom.', 'J.R.R. Tolkien', 'https://cdn.jsdelivr.net/gh/zsh-eng/community-library-images@main/assets/books/9780618640157.jpg', strftime('%s', 'now')),
  (7, '9780679783268', 'Pride and Prejudice', 'It is a truth universally acknowledged, that a single man in possession of a good fortune must be in want of a wife. So begins Pride and Prejudice, Jane Austen''s witty comedy of manners—one of the most popular novels of all time—that features splendidly civilized sparring between the proud Mr. Darcy and the prejudiced Elizabeth Bennet as they play out their spirited courtship in a series of eighteenth-century drawing-room intrigues.', 'Jane Austen', 'https://cdn.jsdelivr.net/gh/zsh-eng/community-library-images@main/assets/books/9780679783268.jpg', strftime('%s', 'now')),
  (8, '9780307277671', 'The Da Vinci Code', 'While in Paris, Harvard symbologist Robert Langdon is awakened by a phone call in the dead of the night. The elderly curator of the Louvre has been murdered inside the museum, his body covered in baffling symbols. As Langdon and gifted French cryptologist Sophie Neveu sort through the bizarre riddles, they are stunned to discover a trail of clues hidden in the works of Leonardo da Vinci—clues visible for all to see and yet ingeniously disguised by the painter. Even more startling, the late curator was involved in the Priory of Sion—a secret society whose members included Sir Isaac Newton, Victor Hugo, and Da Vinci—and he guarded a breathtaking historical secret.', 'Dan Brown', 'https://cdn.jsdelivr.net/gh/zsh-eng/community-library-images@main/assets/books/9780307277671.jpg', strftime('%s', 'now')),
  (9, '9780062316110', 'Sapiens: A Brief History of Humankind', 'From a renowned historian comes a groundbreaking narrative of humanity''s creation and evolution—a number one international best seller—that explores the ways in which biology and history have defined us and enhanced our understanding of what it means to be human. One hundred thousand years ago, at least six different species of humans inhabited Earth. Yet today there is only one—homo sapiens. What happened to the others? And what may happen to us?', 'Yuval Noah Harari', 'https://cdn.jsdelivr.net/gh/zsh-eng/community-library-images@main/assets/books/9780062316110.jpg', strftime('%s', 'now')),
  (10, '9780743273565', 'The Great Gatsby', 'THE GREAT GATSBY, F. Scott Fitzgerald''s third book, stands as the supreme achievement of his career. This exemplary novel of the Jazz Age has been acclaimed by generations of readers. The story of the fabulously wealthy Jay Gatsby and his love for the beautiful Daisy Buchanan, of lavish parties on Long Island at a time when The New York Times noted gin was the national drink and sex the national obsession, is an exquisitely crafted tale of America in the 1920s. The Great Gatsby is one of the great classics of twentieth-century literature.', 'F. Scott Fitzgerald', 'https://cdn.jsdelivr.net/gh/zsh-eng/community-library-images@main/assets/books/9780743273565.jpg', strftime('%s', 'now')),
  (11, '9780547928227', 'The Hobbit', 'Bilbo Baggins is a hobbit who enjoys a comfortable, unambitious life, rarely traveling any farther than his pantry or cellar. But his contentment is disturbed when the wizard Gandalf and a company of dwarves arrive on his doorstep one day to whisk him away on an adventure. They have launched a plot to raid the treasure hoard guarded by Smaug the Magnificent, a large and very dangerous dragon. Bilbo reluctantly joins their quest, unaware that on his journey to the Lonely Mountain he will encounter both a magic ring and a frightening creature known as Gollum.', 'J.R.R. Tolkien', 'https://cdn.jsdelivr.net/gh/zsh-eng/community-library-images@main/assets/books/9780547928227.jpg', strftime('%s', 'now')),
  (12, '9780451524935', 'Nineteen Eighty-Four', '1984 has come and gone, but George Orwell''s prophetic, nightmarish vision in 1949 of the world we were becoming is timelier than ever. 1984 is still the great modern classic of negative utopia—a startlingly original and haunting novel that creates an imaginary world that is convincing, from the first sentence to the last four words. No one can deny the novel''s hold on the imaginations of whole generations, or the power of its admonitions—a power that seems to grow, not lessen, with the passage of time.', 'George Orwell', 'https://cdn.jsdelivr.net/gh/zsh-eng/community-library-images@main/assets/books/9780451524935.jpg', strftime('%s', 'now')),
  (13, '9780062315007', 'The Alchemist', 'Paulo Coelho''s enchanting novel has inspired a devoted following around the world. This story, dazzling in its powerful simplicity and soul-stirring wisdom, is about an Andalusian shepherd boy named Santiago who travels from his homeland in Spain to the Egyptian desert in search of a treasure buried near the Pyramids. Along the way he meets a Gypsy woman, a man who calls himself king, and an alchemist, all of whom point Santiago in the direction of his quest.', 'Paulo Coelho', 'https://cdn.jsdelivr.net/gh/zsh-eng/community-library-images@main/assets/books/9780062315007.jpg', strftime('%s', 'now')),
  (14, '9780140449136', 'Crime and Punishment', 'Raskolnikov, a destitute and desperate former student, wanders through the slums of St Petersburg and commits a random murder without remorse or regret. He imagines himself to be a great man, a Napoleon: acting for a higher purpose beyond conventional moral law. But as he embarks on a dangerous game of cat and mouse with a suspicious police investigator, Raskolnikov is pursued by the growing voice of his conscience and finds the noose of his own guilt tightening around his neck.', 'Fyodor Dostoevsky', 'https://cdn.jsdelivr.net/gh/zsh-eng/community-library-images@main/assets/books/9780140449136.jpg', strftime('%s', 'now')),
  (15, '9780553803709', 'I, Robot', 'Isaac Asimov''s I, Robot launches readers on an adventure into a not-so-distant future where man and machine struggle to redefine life, love, and consciousness—and where the stakes are nothing less than survival. Filled with unforgettable characters, mind-bending speculation, and nonstop action, I, Robot is a powerful reading experience from one of the master storytellers of our time. They mustn''t harm a human being, they must obey human orders, and they must protect their own existence...but only so long as that doesn''t violate rules one and two.', 'Isaac Asimov', 'https://cdn.jsdelivr.net/gh/zsh-eng/community-library-images@main/assets/books/9780553803709.jpg', strftime('%s', 'now')),
  (16, '9780062024039', 'Divergent', 'In a future Chicago, sixteen-year-old Beatrice Prior must choose among five predetermined factions to define her identity for the rest of her life, a decision made more difficult when she discovers that she is an anomaly who does not fit into any one group, and that the society she lives in is not perfect after all.', 'Veronica Roth', 'https://cdn.jsdelivr.net/gh/zsh-eng/community-library-images@main/assets/books/9780062024039.jpg', strftime('%s', 'now')),
  (17, '9780143127550', 'Everything I Never Told You', 'Lydia is dead. But they don''t know this yet. So begins the story of this exquisite debut novel, about a Chinese American family living in 1970s small-town Ohio. Lydia is the favorite child of Marilyn and James Lee; their middle daughter, a girl who inherited her mother''s bright blue eyes and her father''s jet-black hair. Her parents are determined that Lydia will fulfill the dreams they were unable to pursue—in Marilyn''s case, that her daughter become a doctor rather than a homemaker, in James''s case, that Lydia be popular at school, a girl with a busy social life and the center of every party.', 'Celeste Ng', 'https://cdn.jsdelivr.net/gh/zsh-eng/community-library-images@main/assets/books/9780143127550.jpg', strftime('%s', 'now')),
  (18, '9789811158049', 'This is what inequality looks like', 'A powerful and intimate exploration of inequality in Singapore through the lens of sociology. Teo You Yenn examines the lived experiences of low-income families, challenging common misconceptions and revealing the structural barriers that perpetuate poverty. Through ethnographic research and compassionate storytelling, this groundbreaking work humanizes those often rendered invisible in policy debates and offers a compelling call for greater empathy and social justice.', 'Teo You Yenn', 'https://cdn.jsdelivr.net/gh/zsh-eng/community-library-images@main/assets/books/9789811158049.jpg', strftime('%s', 'now')),
  (19, '9780143129486', 'Educated', 'Tara Westover was seventeen the first time she set foot in a classroom. Born to survivalists in the mountains of Idaho, she prepared for the end of the world by stockpiling home-canned peaches and sleeping with her head-out bag. In the summer she stewed herbs for her mother, a midwife and healer, and in the winter she salvaged in her father''s junkyard. Her father forbade hospitals, so Tara never saw a doctor or nurse. Gashes and concussions, even burns from explosions, were all treated at home with herbalism. The family was so isolated from mainstream society that there was no one to ensure the children received an education, and no one to intervene when one of Tara''s older brothers became violent.', 'Tara Westover', 'https://cdn.jsdelivr.net/gh/zsh-eng/community-library-images@main/assets/books/9780143129486.jpg', strftime('%s', 'now')),
  (20, '9780525478812', 'The Midnight Library', 'Between life and death there is a library, and within that library, the shelves go on forever. Every book provides a chance to try another life you could have lived. To see how things would be if you had made other choices. Would you have done anything different, if you had the chance to undo your regrets? A dazzling novel about all the choices that go into a life well lived, from the internationally bestselling author of Reasons to Stay Alive and How To Stop Time.', 'Matt Haig', 'https://cdn.jsdelivr.net/gh/zsh-eng/community-library-images@main/assets/books/9780525478812.jpg', strftime('%s', 'now'));

-- Insert book copies
INSERT INTO book_copies (qr_code_id, book_id, copy_number, status, location_id) VALUES
  ('BOOK-001-COPY-1', 1, 1, 'available', 1),
  ('BOOK-002-COPY-1', 2, 1, 'available', 1),
  ('BOOK-002-COPY-2', 2, 2, 'available', 2),
  ('BOOK-002-COPY-3', 2, 3, 'available', 1),
  ('BOOK-003-COPY-1', 3, 1, 'available', 3),
  ('BOOK-004-COPY-1', 4, 1, 'available', 3),
  ('BOOK-004-COPY-2', 4, 2, 'borrowed', 3),
  ('BOOK-005-COPY-1', 5, 1, 'borrowed', 2),
  ('BOOK-006-COPY-1', 6, 1, 'available', 1),
  ('BOOK-006-COPY-2', 6, 2, 'available', 3),
  ('BOOK-007-COPY-1', 7, 1, 'available', 1),
  ('BOOK-007-COPY-2', 7, 2, 'available', 2),
  ('BOOK-007-COPY-3', 7, 3, 'borrowed', 2),
  ('BOOK-008-COPY-1', 8, 1, 'available', 3),
  ('BOOK-008-COPY-2', 8, 2, 'available', 2),
  ('BOOK-009-COPY-1', 9, 1, 'available', 2),
  ('BOOK-010-COPY-1', 10, 1, 'available', 2),
  ('BOOK-011-COPY-1', 11, 1, 'available', 3),
  ('BOOK-012-COPY-1', 12, 1, 'available', 3),
  ('BOOK-012-COPY-2', 12, 2, 'available', 1),
  ('BOOK-012-COPY-3', 12, 3, 'available', 2),
  ('BOOK-013-COPY-1', 13, 1, 'borrowed', 1),
  ('BOOK-014-COPY-1', 14, 1, 'borrowed', 2),
  ('BOOK-015-COPY-1', 15, 1, 'available', 3),
  ('BOOK-016-COPY-1', 16, 1, 'available', 2),
  ('BOOK-017-COPY-1', 17, 1, 'borrowed', 1),
  ('BOOK-018-COPY-1', 18, 1, 'available', 1),
  ('BOOK-018-COPY-2', 18, 2, 'available', 3),
  ('BOOK-018-COPY-3', 18, 3, 'borrowed', 3),
  ('BOOK-019-COPY-1', 19, 1, 'available', 3),
  ('BOOK-020-COPY-1', 20, 1, 'available', 2);

-- Insert loan history
INSERT INTO loans (id, qr_code_id, telegram_user_id, telegram_username, borrowed_at, due_date, returned_at, last_reminder_sent) VALUES
  (1, 'BOOK-001-COPY-1', 251141616, 'olivia_curator', strftime('%s', 'now', '-46 days'), strftime('%s', 'now', '-32 days'), strftime('%s', 'now', '-17 days'), NULL),
  (2, 'BOOK-001-COPY-1', 773218987, 'bob_bookworm', strftime('%s', 'now', '-46 days'), strftime('%s', 'now', '-32 days'), strftime('%s', 'now', '-13 days'), NULL),
  (3, 'BOOK-001-COPY-1', 322647645, 'dana_scholar', strftime('%s', 'now', '-11 days'), strftime('%s', 'now', '+3 days'), strftime('%s', 'now', '-8 days'), NULL),
  (4, 'BOOK-002-COPY-1', 977615247, 'charlie_student', strftime('%s', 'now', '-21 days'), strftime('%s', 'now', '-7 days'), strftime('%s', 'now', '-3 days'), NULL),
  (5, 'BOOK-002-COPY-1', 920754035, 'jack_enthusiast', strftime('%s', 'now', '-7 days'), strftime('%s', 'now', '+7 days'), strftime('%s', 'now', '-4 days'), NULL),
  (6, 'BOOK-002-COPY-2', 355167436, 'henry_professor', strftime('%s', 'now', '-49 days'), strftime('%s', 'now', '-35 days'), strftime('%s', 'now', '-4 days'), NULL),
  (7, 'BOOK-002-COPY-2', 891095438, 'frank_teacher', strftime('%s', 'now', '-53 days'), strftime('%s', 'now', '-39 days'), strftime('%s', 'now', '-22 days'), NULL),
  (8, 'BOOK-002-COPY-2', 923355118, 'eve_writer', strftime('%s', 'now', '-15 days'), strftime('%s', 'now', '-1 days'), strftime('%s', 'now', '-12 days'), NULL),
  (9, 'BOOK-002-COPY-3', 995579754, 'charlie_student', strftime('%s', 'now', '-52 days'), strftime('%s', 'now', '-38 days'), strftime('%s', 'now', '-16 days'), NULL),
  (10, 'BOOK-002-COPY-3', 427930184, 'henry_professor', strftime('%s', 'now', '-49 days'), strftime('%s', 'now', '-35 days'), strftime('%s', 'now', '-15 days'), NULL),
  (11, 'BOOK-002-COPY-3', 580572186, 'bob_bookworm', strftime('%s', 'now', '-9 days'), strftime('%s', 'now', '+5 days'), strftime('%s', 'now', '-7 days'), NULL),
  (12, 'BOOK-003-COPY-1', 905636577, 'olivia_curator', strftime('%s', 'now', '-53 days'), strftime('%s', 'now', '-39 days'), strftime('%s', 'now', '-7 days'), NULL),
  (13, 'BOOK-003-COPY-1', 872700295, 'dana_scholar', strftime('%s', 'now', '-66 days'), strftime('%s', 'now', '-52 days'), strftime('%s', 'now', '-35 days'), NULL),
  (14, 'BOOK-003-COPY-1', 456575264, 'bob_bookworm', strftime('%s', 'now', '-8 days'), strftime('%s', 'now', '+6 days'), strftime('%s', 'now', '-6 days'), NULL),
  (15, 'BOOK-004-COPY-1', 738566249, 'alice_reader', strftime('%s', 'now', '-25 days'), strftime('%s', 'now', '-11 days'), strftime('%s', 'now', '-4 days'), NULL),
  (16, 'BOOK-004-COPY-1', 858532149, 'jack_enthusiast', strftime('%s', 'now', '-6 days'), strftime('%s', 'now', '+8 days'), strftime('%s', 'now', '-3 days'), NULL),
  (17, 'BOOK-004-COPY-2', 156103948, 'kate_learner', strftime('%s', 'now', '-26 days'), strftime('%s', 'now', '-12 days'), strftime('%s', 'now', '-9 days'), NULL),
  (18, 'BOOK-004-COPY-2', 217799893, 'henry_professor', strftime('%s', 'now', '-71 days'), strftime('%s', 'now', '-57 days'), strftime('%s', 'now', '-22 days'), NULL),
  (19, 'BOOK-004-COPY-2', 883147494, 'maya_thinker', strftime('%s', 'now', '-70 days'), strftime('%s', 'now', '-56 days'), strftime('%s', 'now', '-43 days'), NULL),
  (20, 'BOOK-004-COPY-2', 924978250, 'bob_bookworm', strftime('%s', 'now', '-13 days'), strftime('%s', 'now', '+1 days'), NULL, strftime('%s', 'now', '-1 days')),
  (21, 'BOOK-005-COPY-1', 619805767, 'bob_bookworm', strftime('%s', 'now', '-52 days'), strftime('%s', 'now', '-38 days'), strftime('%s', 'now', '-6 days'), NULL),
  (22, 'BOOK-005-COPY-1', 601475742, 'alice_reader', strftime('%s', 'now', '-68 days'), strftime('%s', 'now', '-54 days'), strftime('%s', 'now', '-39 days'), NULL),
  (23, 'BOOK-005-COPY-1', 963092824, 'noah_collector', strftime('%s', 'now', '-8 days'), strftime('%s', 'now', '+6 days'), NULL, strftime('%s', 'now', '-2 days')),
  (24, 'BOOK-006-COPY-2', 487427104, 'bob_bookworm', strftime('%s', 'now', '-51 days'), strftime('%s', 'now', '-37 days'), strftime('%s', 'now', '-8 days'), NULL),
  (25, 'BOOK-006-COPY-2', 901275057, 'charlie_student', strftime('%s', 'now', '-6 days'), strftime('%s', 'now', '+8 days'), strftime('%s', 'now', '-3 days'), NULL),
  (26, 'BOOK-007-COPY-1', 225398540, 'eve_writer', strftime('%s', 'now', '-20 days'), strftime('%s', 'now', '-6 days'), strftime('%s', 'now', '-2 days'), NULL),
  (27, 'BOOK-007-COPY-1', 369274931, 'bob_bookworm', strftime('%s', 'now', '-75 days'), strftime('%s', 'now', '-61 days'), strftime('%s', 'now', '-59 days'), NULL),
  (28, 'BOOK-007-COPY-1', 801155278, 'kate_learner', strftime('%s', 'now', '-51 days'), strftime('%s', 'now', '-37 days'), strftime('%s', 'now', '-35 days'), NULL),
  (29, 'BOOK-007-COPY-1', 479769375, 'grace_librarian', strftime('%s', 'now', '-13 days'), strftime('%s', 'now', '+1 days'), strftime('%s', 'now', '-9 days'), NULL),
  (30, 'BOOK-007-COPY-2', 674878921, 'bob_bookworm', strftime('%s', 'now', '-35 days'), strftime('%s', 'now', '-21 days'), strftime('%s', 'now', '-17 days'), NULL),
  (31, 'BOOK-007-COPY-2', 426281859, 'dana_scholar', strftime('%s', 'now', '-5 days'), strftime('%s', 'now', '+9 days'), strftime('%s', 'now', '-3 days'), NULL),
  (32, 'BOOK-007-COPY-3', 761984515, 'charlie_student', strftime('%s', 'now', '-5 days'), strftime('%s', 'now', '+9 days'), NULL, strftime('%s', 'now', '-1 days')),
  (33, 'BOOK-008-COPY-2', 619896329, 'jack_enthusiast', strftime('%s', 'now', '-31 days'), strftime('%s', 'now', '-17 days'), strftime('%s', 'now', '-16 days'), NULL),
  (34, 'BOOK-008-COPY-2', 734499375, 'jack_enthusiast', strftime('%s', 'now', '-46 days'), strftime('%s', 'now', '-32 days'), strftime('%s', 'now', '-24 days'), NULL),
  (35, 'BOOK-008-COPY-2', 322562016, 'kate_learner', strftime('%s', 'now', '-77 days'), strftime('%s', 'now', '-63 days'), strftime('%s', 'now', '-6 days'), NULL),
  (36, 'BOOK-008-COPY-2', 710417019, 'bob_bookworm', strftime('%s', 'now', '-7 days'), strftime('%s', 'now', '+7 days'), strftime('%s', 'now', '-4 days'), NULL),
  (37, 'BOOK-009-COPY-1', 602813557, 'bob_bookworm', strftime('%s', 'now', '-30 days'), strftime('%s', 'now', '-16 days'), strftime('%s', 'now', '-12 days'), NULL),
  (38, 'BOOK-009-COPY-1', 435502496, 'alice_reader', strftime('%s', 'now', '-13 days'), strftime('%s', 'now', '+1 days'), strftime('%s', 'now', '-5 days'), NULL),
  (39, 'BOOK-010-COPY-1', 867589790, 'eve_writer', strftime('%s', 'now', '-25 days'), strftime('%s', 'now', '-11 days'), strftime('%s', 'now', '-10 days'), NULL),
  (40, 'BOOK-010-COPY-1', 503538925, 'bob_bookworm', strftime('%s', 'now', '-6 days'), strftime('%s', 'now', '+8 days'), strftime('%s', 'now', '-3 days'), NULL),
  (41, 'BOOK-012-COPY-1', 141698908, 'charlie_student', strftime('%s', 'now', '-29 days'), strftime('%s', 'now', '-15 days'), strftime('%s', 'now', '-4 days'), NULL),
  (42, 'BOOK-012-COPY-1', 638309769, 'henry_professor', strftime('%s', 'now', '-37 days'), strftime('%s', 'now', '-23 days'), strftime('%s', 'now', '-21 days'), NULL),
  (43, 'BOOK-012-COPY-1', 302844511, 'grace_librarian', strftime('%s', 'now', '-50 days'), strftime('%s', 'now', '-36 days'), strftime('%s', 'now', '-21 days'), NULL),
  (44, 'BOOK-012-COPY-1', 105276133, 'maya_thinker', strftime('%s', 'now', '-13 days'), strftime('%s', 'now', '+1 days'), strftime('%s', 'now', '-8 days'), NULL),
  (45, 'BOOK-012-COPY-2', 355296164, 'charlie_student', strftime('%s', 'now', '-8 days'), strftime('%s', 'now', '+6 days'), strftime('%s', 'now', '-4 days'), NULL),
  (46, 'BOOK-012-COPY-3', 111429183, 'alice_reader', strftime('%s', 'now', '-59 days'), strftime('%s', 'now', '-45 days'), strftime('%s', 'now', '-2 days'), NULL),
  (47, 'BOOK-012-COPY-3', 806400945, 'eve_writer', strftime('%s', 'now', '-64 days'), strftime('%s', 'now', '-50 days'), strftime('%s', 'now', '-36 days'), NULL),
  (48, 'BOOK-012-COPY-3', 668190108, 'jack_enthusiast', strftime('%s', 'now', '-56 days'), strftime('%s', 'now', '-42 days'), strftime('%s', 'now', '-29 days'), NULL),
  (49, 'BOOK-012-COPY-3', 353097258, 'eve_writer', strftime('%s', 'now', '-10 days'), strftime('%s', 'now', '+4 days'), strftime('%s', 'now', '-5 days'), NULL),
  (50, 'BOOK-013-COPY-1', 806763758, 'maya_thinker', strftime('%s', 'now', '-25 days'), strftime('%s', 'now', '-11 days'), strftime('%s', 'now', '-8 days'), NULL),
  (51, 'BOOK-013-COPY-1', 785281256, 'noah_collector', strftime('%s', 'now', '-8 days'), strftime('%s', 'now', '+6 days'), NULL, strftime('%s', 'now', '-3 days')),
  (52, 'BOOK-014-COPY-1', 109944147, 'iris_researcher', strftime('%s', 'now', '-38 days'), strftime('%s', 'now', '-24 days'), strftime('%s', 'now', '-14 days'), NULL),
  (53, 'BOOK-014-COPY-1', 797652806, 'charlie_student', strftime('%s', 'now', '-10 days'), strftime('%s', 'now', '+4 days'), NULL, strftime('%s', 'now', '-3 days')),
  (54, 'BOOK-015-COPY-1', 822648337, 'charlie_student', strftime('%s', 'now', '-28 days'), strftime('%s', 'now', '-14 days'), strftime('%s', 'now', '-5 days'), NULL),
  (55, 'BOOK-015-COPY-1', 550687698, 'grace_librarian', strftime('%s', 'now', '-9 days'), strftime('%s', 'now', '+5 days'), strftime('%s', 'now', '-7 days'), NULL),
  (56, 'BOOK-016-COPY-1', 113110504, 'noah_collector', strftime('%s', 'now', '-42 days'), strftime('%s', 'now', '-28 days'), strftime('%s', 'now', '-17 days'), NULL),
  (57, 'BOOK-016-COPY-1', 855750671, 'alice_reader', strftime('%s', 'now', '-41 days'), strftime('%s', 'now', '-27 days'), strftime('%s', 'now', '-2 days'), NULL),
  (58, 'BOOK-016-COPY-1', 788943554, 'charlie_student', strftime('%s', 'now', '-76 days'), strftime('%s', 'now', '-62 days'), strftime('%s', 'now', '-22 days'), NULL),
  (59, 'BOOK-016-COPY-1', 505721393, 'maya_thinker', strftime('%s', 'now', '-15 days'), strftime('%s', 'now', '-1 days'), strftime('%s', 'now', '-13 days'), NULL),
  (60, 'BOOK-017-COPY-1', 824739915, 'alice_reader', strftime('%s', 'now', '-38 days'), strftime('%s', 'now', '-24 days'), strftime('%s', 'now', '-2 days'), NULL),
  (61, 'BOOK-017-COPY-1', 886491667, 'maya_thinker', strftime('%s', 'now', '-36 days'), strftime('%s', 'now', '-22 days'), strftime('%s', 'now', '-18 days'), NULL),
  (62, 'BOOK-017-COPY-1', 334494012, 'dana_scholar', strftime('%s', 'now', '-8 days'), strftime('%s', 'now', '+6 days'), NULL, strftime('%s', 'now', '-1 days')),
  (63, 'BOOK-018-COPY-1', 709087080, 'charlie_student', strftime('%s', 'now', '-58 days'), strftime('%s', 'now', '-44 days'), strftime('%s', 'now', '-35 days'), NULL),
  (64, 'BOOK-018-COPY-1', 234943186, 'eve_writer', strftime('%s', 'now', '-65 days'), strftime('%s', 'now', '-51 days'), strftime('%s', 'now', '-17 days'), NULL),
  (65, 'BOOK-018-COPY-1', 169700622, 'iris_researcher', strftime('%s', 'now', '-86 days'), strftime('%s', 'now', '-72 days'), strftime('%s', 'now', '-51 days'), NULL),
  (66, 'BOOK-018-COPY-1', 775888192, 'henry_professor', strftime('%s', 'now', '-10 days'), strftime('%s', 'now', '+4 days'), strftime('%s', 'now', '-3 days'), NULL),
  (67, 'BOOK-018-COPY-2', 298552318, 'frank_teacher', strftime('%s', 'now', '-53 days'), strftime('%s', 'now', '-39 days'), strftime('%s', 'now', '-14 days'), NULL),
  (68, 'BOOK-018-COPY-2', 399504647, 'olivia_curator', strftime('%s', 'now', '-36 days'), strftime('%s', 'now', '-22 days'), strftime('%s', 'now', '-16 days'), NULL),
  (69, 'BOOK-018-COPY-2', 316578148, 'alice_reader', strftime('%s', 'now', '-7 days'), strftime('%s', 'now', '+7 days'), strftime('%s', 'now', '-4 days'), NULL),
  (70, 'BOOK-018-COPY-3', 144383202, 'grace_librarian', strftime('%s', 'now', '-30 days'), strftime('%s', 'now', '-16 days'), strftime('%s', 'now', '-7 days'), NULL),
  (71, 'BOOK-018-COPY-3', 205640320, 'alice_reader', strftime('%s', 'now', '-48 days'), strftime('%s', 'now', '-34 days'), strftime('%s', 'now', '-14 days'), NULL),
  (72, 'BOOK-018-COPY-3', 645942237, 'maya_thinker', strftime('%s', 'now', '-58 days'), strftime('%s', 'now', '-44 days'), strftime('%s', 'now', '-4 days'), NULL),
  (73, 'BOOK-018-COPY-3', 421222337, 'jack_enthusiast', strftime('%s', 'now', '-8 days'), strftime('%s', 'now', '+6 days'), NULL, strftime('%s', 'now', '-2 days')),
  (74, 'BOOK-019-COPY-1', 596937284, 'alice_reader', strftime('%s', 'now', '-57 days'), strftime('%s', 'now', '-43 days'), strftime('%s', 'now', '-8 days'), NULL),
  (75, 'BOOK-019-COPY-1', 743664872, 'bob_bookworm', strftime('%s', 'now', '-49 days'), strftime('%s', 'now', '-35 days'), strftime('%s', 'now', '-10 days'), NULL),
  (76, 'BOOK-019-COPY-1', 794321093, 'eve_writer', strftime('%s', 'now', '-87 days'), strftime('%s', 'now', '-73 days'), strftime('%s', 'now', '-57 days'), NULL),
  (77, 'BOOK-019-COPY-1', 191303076, 'maya_thinker', strftime('%s', 'now', '-10 days'), strftime('%s', 'now', '+4 days'), strftime('%s', 'now', '-8 days'), NULL),
  (78, 'BOOK-020-COPY-1', 922947378, 'alice_reader', strftime('%s', 'now', '-56 days'), strftime('%s', 'now', '-42 days'), strftime('%s', 'now', '-20 days'), NULL),
  (79, 'BOOK-020-COPY-1', 612902978, 'bob_bookworm', strftime('%s', 'now', '-67 days'), strftime('%s', 'now', '-53 days'), strftime('%s', 'now', '-51 days'), NULL),
  (80, 'BOOK-020-COPY-1', 273130976, 'iris_researcher', strftime('%s', 'now', '-52 days'), strftime('%s', 'now', '-38 days'), strftime('%s', 'now', '-7 days'), NULL),
  (81, 'BOOK-020-COPY-1', 239012646, 'charlie_student', strftime('%s', 'now', '-9 days'), strftime('%s', 'now', '+5 days'), strftime('%s', 'now', '-5 days'), NULL);
